{
  "Total" : {
    "transaction" : "Total",
    "sampleCount" : 50,
    "errorCount" : 50,
    "errorPct" : 100.0,
    "meanResTime" : 7175.98,
    "medianResTime" : 11819.0,
    "minResTime" : 0.0,
    "maxResTime" : 12101.0,
    "pct1ResTime" : 12069.0,
    "pct2ResTime" : 12084.5,
    "pct3ResTime" : 12101.0,
    "throughput" : 0.8590917681826773,
    "receivedKBytesPerSec" : 1.8676856389924572,
    "sentKBytesPerSec" : 0.0
  },
  "HTTP Request" : {
    "transaction" : "HTTP Request",
    "sampleCount" : 50,
    "errorCount" : 50,
    "errorPct" : 100.0,
    "meanResTime" : 7175.98,
    "medianResTime" : 11819.0,
    "minResTime" : 0.0,
    "maxResTime" : 12101.0,
    "pct1ResTime" : 12069.0,
    "pct2ResTime" : 12084.5,
    "pct3ResTime" : 12101.0,
    "throughput" : 0.8590917681826773,
    "receivedKBytesPerSec" : 1.8676856389924572,
    "sentKBytesPerSec" : 0.0
  }
}