{
  "Debug Sampler" : {
    "transaction" : "Debug Sampler",
    "sampleCount" : 560,
    "errorCount" : 0,
    "errorPct" : 0.0,
    "meanResTime" : 0.12857142857142878,
    "medianResTime" : 0.0,
    "minResTime" : 0.0,
    "maxResTime" : 4.0,
    "pct1ResTime" : 0.0,
    "pct2ResTime" : 1.0,
    "pct3ResTime" : 3.3899999999999864,
    "throughput" : 23.914250330956143,
    "receivedKBytesPerSec" : 7.452560172630994,
    "sentKBytesPerSec" : 0.0
  },
  "HTTP Request-1" : {
    "transaction" : "HTTP Request-1",
    "sampleCount" : 586,
    "errorCount" : 0,
    "errorPct" : 0.0,
    "meanResTime" : 324.8430034129689,
    "medianResTime" : 271.0,
    "minResTime" : 228.0,
    "maxResTime" : 1723.0,
    "pct1ResTime" : 465.0,
    "pct2ResTime" : 573.5999999999999,
    "pct3ResTime" : 1257.13,
    "throughput" : 19.55223382603183,
    "receivedKBytesPerSec" : 15.179712784858697,
    "sentKBytesPerSec" : 3.0741305136632078
  },
  "Total" : {
    "transaction" : "Total",
    "sampleCount" : 2318,
    "errorCount" : 0,
    "errorPct" : 0.0,
    "meanResTime" : 264.1993097497842,
    "medianResTime" : 248.0,
    "minResTime" : 0.0,
    "maxResTime" : 2009.0,
    "pct1ResTime" : 489.0,
    "pct2ResTime" : 622.0999999999995,
    "pct3ResTime" : 1231.1799999999957,
    "throughput" : 76.45370889541212,
    "receivedKBytesPerSec" : 51.99931999117715,
    "sentKBytesPerSec" : 12.155383175566477
  },
  "HTTP Request-0" : {
    "transaction" : "HTTP Request-0",
    "sampleCount" : 586,
    "errorCount" : 0,
    "errorPct" : 0.0,
    "meanResTime" : 197.5255972696247,
    "medianResTime" : 167.0,
    "minResTime" : 145.0,
    "maxResTime" : 1442.0,
    "pct1ResTime" : 292.30000000000007,
    "pct2ResTime" : 325.65,
    "pct3ResTime" : 494.2099999999999,
    "throughput" : 19.499534140822576,
    "receivedKBytesPerSec" : 8.18828093804073,
    "sentKBytesPerSec" : 3.0658447233129245
  },
  "HTTP Request" : {
    "transaction" : "HTTP Request",
    "sampleCount" : 586,
    "errorCount" : 0,
    "errorPct" : 0.0,
    "meanResTime" : 522.58361774744,
    "medianResTime" : 447.0,
    "minResTime" : 383.0,
    "maxResTime" : 2009.0,
    "pct1ResTime" : 766.3000000000001,
    "pct2ResTime" : 870.3499999999996,
    "pct3ResTime" : 1500.909999999999,
    "throughput" : 19.327814241894522,
    "receivedKBytesPerSec" : 23.121652779610145,
    "sentKBytesPerSec" : 6.077691587783239
  }
}