{
  "JDBC Request" : {
    "transaction" : "JDBC Request",
    "sampleCount" : 19,
    "errorCount" : 0,
    "errorPct" : 0.0,
    "meanResTime" : 31.73684210526316,
    "medianResTime" : 26.0,
    "minResTime" : 22.0,
    "maxResTime" : 107.0,
    "pct1ResTime" : 35.0,
    "pct2ResTime" : 107.0,
    "pct3ResTime" : 107.0,
    "throughput" : 4.218472468916518,
    "receivedKBytesPerSec" : 6.01461894982238,
    "sentKBytesPerSec" : 0.0
  },
  "HTTP Request-1" : {
    "transaction" : "HTTP Request-1",
    "sampleCount" : 100,
    "errorCount" : 9,
    "errorPct" : 9.0,
    "meanResTime" : 218.17000000000007,
    "medianResTime" : 265.5,
    "minResTime" : 86.0,
    "maxResTime" : 416.0,
    "pct1ResTime" : 332.9,
    "pct2ResTime" : 352.0,
    "pct3ResTime" : 415.67999999999984,
    "throughput" : 18.6706497386109,
    "receivedKBytesPerSec" : 14.131530351474982,
    "sentKBytesPerSec" : 2.7201896821321885
  },
  "Total" : {
    "transaction" : "Total",
    "sampleCount" : 319,
    "errorCount" : 18,
    "errorPct" : 5.6426334,
    "meanResTime" : 233.448275862069,
    "medianResTime" : 186.0,
    "minResTime" : 22.0,
    "maxResTime" : 600.0,
    "pct1ResTime" : 473.0,
    "pct2ResTime" : 511.0,
    "pct3ResTime" : 580.8,
    "throughput" : 57.36378349217767,
    "receivedKBytesPerSec" : 46.78017105736378,
    "sentKBytesPerSec" : 10.479651816220104
  },
  "HTTP Request-0" : {
    "transaction" : "HTTP Request-0",
    "sampleCount" : 100,
    "errorCount" : 0,
    "errorPct" : 0.0,
    "meanResTime" : 150.95999999999995,
    "medianResTime" : 171.5,
    "minResTime" : 81.0,
    "maxResTime" : 297.0,
    "pct1ResTime" : 207.9,
    "pct2ResTime" : 249.84999999999997,
    "pct3ResTime" : 297.0,
    "throughput" : 18.385732671446956,
    "receivedKBytesPerSec" : 7.5085249471410185,
    "sentKBytesPerSec" : 2.6786791574738005
  },
  "HTTP Request" : {
    "transaction" : "HTTP Request",
    "sampleCount" : 100,
    "errorCount" : 9,
    "errorPct" : 9.0,
    "meanResTime" : 369.53999999999996,
    "medianResTime" : 449.5,
    "minResTime" : 172.0,
    "maxResTime" : 600.0,
    "pct1ResTime" : 530.9,
    "pct2ResTime" : 579.9,
    "pct3ResTime" : 599.8299999999999,
    "throughput" : 17.98237727027513,
    "receivedKBytesPerSec" : 20.95438657615537,
    "sentKBytesPerSec" : 5.239825908110052
  }
}