{
  "HTTP Request-1" : {
    "transaction" : "HTTP Request-1",
    "sampleCount" : 20,
    "errorCount" : 0,
    "errorPct" : 0.0,
    "meanResTime" : 111.30000000000003,
    "medianResTime" : 46.5,
    "minResTime" : 38.0,
    "maxResTime" : 500.0,
    "pct1ResTime" : 481.0000000000004,
    "pct2ResTime" : 499.95,
    "pct3ResTime" : 500.0,
    "throughput" : 4.476275738585497,
    "receivedKBytesPerSec" : 7.49513904431513,
    "sentKBytesPerSec" : 0.5333062891674127
  },
  "Total" : {
    "transaction" : "Total",
    "sampleCount" : 60,
    "errorCount" : 0,
    "errorPct" : 0.0,
    "meanResTime" : 94.59999999999998,
    "medianResTime" : 50.5,
    "minResTime" : 13.0,
    "maxResTime" : 686.0,
    "pct1ResTime" : 305.29999999999984,
    "pct2ResTime" : 499.95,
    "pct3ResTime" : 686.0,
    "throughput" : 12.89213579716373,
    "receivedKBytesPerSec" : 19.47669343575419,
    "sentKBytesPerSec" : 2.786581435324452
  },
  "HTTP Request-0" : {
    "transaction" : "HTTP Request-0",
    "sampleCount" : 20,
    "errorCount" : 0,
    "errorPct" : 0.0,
    "meanResTime" : 29.849999999999994,
    "medianResTime" : 18.5,
    "minResTime" : 13.0,
    "maxResTime" : 182.0,
    "pct1ResTime" : 84.60000000000014,
    "pct2ResTime" : 177.44999999999993,
    "pct3ResTime" : 182.0,
    "throughput" : 4.348771472059143,
    "receivedKBytesPerSec" : 2.5731646825396823,
    "sentKBytesPerSec" : 0.891837899543379
  },
  "HTTP Request" : {
    "transaction" : "HTTP Request",
    "sampleCount" : 20,
    "errorCount" : 0,
    "errorPct" : 0.0,
    "meanResTime" : 142.64999999999995,
    "medianResTime" : 64.0,
    "minResTime" : 53.0,
    "maxResTime" : 686.0,
    "pct1ResTime" : 568.2000000000005,
    "pct2ResTime" : 681.3499999999999,
    "pct3ResTime" : 686.0,
    "throughput" : 4.297378599054577,
    "receivedKBytesPerSec" : 9.738346717877095,
    "sentKBytesPerSec" : 1.393290717662226
  }
}